{"acc": 0.8790773248414977, "loss": 0.1258925806612532, "_timestamp": 1709800704.8684933, "_runtime": 10.216491222381592, "_step": 97, "_wandb": {"runtime": 8}}