{"acc": 0.9264726287061384, "loss": 0.06785680235088261, "_timestamp": 1709870216.5647721, "_runtime": 12.908191204071045, "_step": 97, "_wandb": {"runtime": 11}}