{"acc": 0.8369767472717802, "loss": 0.16747610184231573, "_timestamp": 1709801295.842447, "_runtime": 10.050039052963257, "_step": 97, "_wandb": {"runtime": 8}}