{"acc": 0.830558943608965, "loss": 0.16984388851553942, "_timestamp": 1709870447.7654598, "_runtime": 10.900073766708374, "_step": 97, "_wandb": {"runtime": 9}}