{"acc": 0.8487075850289436, "loss": 0.15488754650942885, "_timestamp": 1709870321.98227, "_runtime": 11.27284288406372, "_step": 97, "_wandb": {"runtime": 9}}