{"acc": 0.797446410978522, "loss": 0.19824105468516376, "_timestamp": 1709870377.0328438, "_runtime": 10.17636489868164, "_step": 97, "_wandb": {"runtime": 8}}